股票代码,名称,板块,时间,今收,跌涨幅,跌涨额,成交量,成交额,振幅,最高,最低,今开,换手率,行业板块,地区板块,市盈率,市净率
688001,华兴源创,科创版,2022-08-20,41.28,-0.65,-0.27,37936,157953817.0,3.3,42.37,41.0,41.72,0.92,专用设备,江苏板块,110.97,5.33
688002,睿创微纳,科创版,2022-08-20,49.95,-1.9,-0.97,60757,309338988.0,3.97,51.97,49.95,51.3,1.36,半导体,山东板块,99.04,6.14
688003,天准科技,科创版,2022-08-20,42.47,-10.04,-4.74,42144,184989928.0,10.23,47.09,42.26,46.89,2.16,通用设备,江苏板块,1323.37,5.48
688004,博汇科技,科创版,2022-08-20,25.85,-2.05,-0.54,4377,11564043.0,3.52,26.75,25.82,26.48,1.1,互联网服务,北京板块,-60.69,1.99
688005,容百科技,科创版,2022-08-20,109.4,-3.01,-3.4,127734,1397004872.0,4.7,112.9,107.6,111.25,4.56,电池,浙江板块,42.18,8.74
688006,杭可科技,科创版,2022-08-20,72.86,-4.88,-3.74,19107,142501876.0,7.22,78.3,72.77,78.16,0.47,电池,浙江板块,78.7,10.32
688007,光峰科技,科创版,2022-08-20,27.46,-4.82,-1.39,38498,108242787.0,6.66,29.19,27.27,28.9,0.84,消费电子,广东板块,136.1,5.04
688008,澜起科技,科创版,2022-08-20,54.98,-1.73,-0.97,154640,871018890.0,5.09,57.79,54.94,56.4,1.36,半导体,上海板块,45.77,6.9
688009,中国通号,科创版,2022-08-20,4.41,0.0,0.0,100322,44398325.0,0.91,4.44,4.4,4.42,0.5,交运设备,北京板块,18.02,1.18
688010,福光股份,科创版,2022-08-20,26.95,4.3,1.11,40229,109004754.0,6.39,27.98,26.33,26.4,2.63,光学光电子,福建板块,81.08,2.34
688011,新光光电,科创版,2022-08-20,27.43,-2.87,-0.81,12526,35166263.0,6.09,29.13,27.41,28.13,2.26,光学光电子,黑龙江,239.77,2.21
688012,中微公司,科创版,2022-08-20,136.8,-2.15,-3.0,59579,829274394.0,4.46,142.65,136.41,139.4,0.97,半导体,上海板块,90.11,5.74
688013,天臣医疗,科创版,2022-08-20,20.48,-1.96,-0.41,3727,7698042.0,3.93,21.13,20.31,21.13,0.97,医疗器械,江苏板块,57.17,3.31
688015,交控科技,科创版,2022-08-20,23.51,-1.88,-0.45,15040,35966467.0,4.72,24.61,23.48,23.94,0.8,交运设备,北京板块,50.24,1.98
688016,心脉医疗,科创版,2022-08-20,145.66,-0.98,-1.44,10635,156972264.0,4.41,151.68,145.2,147.1,2.75,医疗器械,上海板块,21.23,7.13
688017,绿的谐波,科创版,2022-08-20,194.0,-1.35,-2.66,27747,544867900.0,5.07,201.98,192.0,197.77,3.02,通用设备,江苏板块,178.44,17.63
688018,乐鑫科技,科创版,2022-08-20,105.52,-4.97,-5.52,15069,164105589.0,7.17,113.48,105.52,110.7,1.87,半导体,上海板块,76.2,4.86
688019,安集科技,科创版,2022-08-20,266.34,-1.83,-4.97,7565,204585949.0,5.13,279.93,266.0,272.05,1.01,电子化学品,上海板块,125.6,16.17
688020,方邦股份,科创版,2022-08-20,56.27,-9.27,-5.75,27733,160295267.0,10.32,62.5,56.1,61.51,3.47,电子元件,广东板块,-70.04,2.85
688021,奥福环保,科创版,2022-08-20,27.74,-2.94,-0.84,2770,7818112.0,4.62,28.84,27.52,28.58,0.6,环保行业,山东板块,53.99,2.26
688022,瀚川智能,科创版,2022-08-20,70.3,-6.52,-4.9,29080,209811013.0,12.67,78.18,68.65,77.07,2.68,专用设备,江苏板块,1201.4,8.13
688023,安恒信息,科创版,2022-08-20,159.25,-1.83,-2.97,7077,115718970.0,5.91,168.65,159.07,161.0,1.25,软件开发,浙江板块,-16.44,4.31
688025,杰普特,科创版,2022-08-20,69.61,-5.05,-3.7,53802,388159241.0,7.27,74.78,69.45,73.6,9.79,电子元件,广东板块,66.93,3.78
688026,洁特生物,科创版,2022-08-20,38.37,-3.01,-1.19,4244,16479115.0,4.04,39.8,38.2,39.18,0.57,塑料制品,广东板块,32.83,5.62
688027,国盾量子,科创版,2022-08-20,114.0,-4.11,-4.89,7724,90760144.0,6.63,121.88,114.0,118.49,1.65,通信设备,安徽板块,-116.56,5.51
688028,沃尔德,科创版,2022-08-20,52.55,-8.45,-4.85,22947,123153467.0,9.2,57.18,51.9,56.8,2.87,通用设备,北京板块,147.06,4.91
688029,南微医学,科创版,2022-08-20,85.28,-2.11,-1.84,15586,136293509.0,6.47,90.9,85.26,87.48,0.83,医疗器械,江苏板块,63.95,5.33
688030,山石网科,科创版,2022-08-20,21.73,-3.03,-0.68,8291,18442516.0,4.77,22.79,21.72,22.41,0.83,软件开发,江苏板块,-13.65,2.76
688032,禾迈股份,科创版,2022-08-20,1072.88,0.89,9.49,5089,534372398.0,9.54,1110.5,1009.0,1049.7,3.84,光伏设备,浙江板块,172.16,10.09
688033,天宜上佳,科创版,2022-08-20,27.6,-5.77,-1.69,135518,377016801.0,8.81,29.68,27.1,29.57,3.01,交运设备,北京板块,85.9,4.65
688036,传音控股,科创版,2022-08-20,77.41,-3.07,-2.45,104044,828151814.0,5.23,81.51,77.33,80.8,2.63,消费电子,广东板块,19.55,4.56
688037,芯源微,科创版,2022-08-20,214.0,-5.54,-12.55,18051,391979661.0,6.99,228.99,213.16,228.98,4.0,半导体,辽宁板块,152.62,10.52
688038,中科通达,科创版,2022-08-20,14.29,-2.52,-0.37,7927,11541269.0,4.91,14.98,14.26,14.65,0.99,软件开发,湖北板块,110.28,2.26
688039,当虹科技,科创版,2022-08-20,51.05,0.12,0.06,16238,82847141.0,3.57,51.82,50.0,51.42,3.28,互联网服务,浙江板块,-68.37,2.74
688041,海光信息,科创版,2022-08-20,54.26,-5.88,-3.39,198562,1121274065.0,8.81,59.1,54.02,58.01,9.95,半导体,天津板块,132.5,7.6
688045,必易微,科创版,2022-08-20,78.0,3.3,2.49,29094,228416053.0,9.68,82.8,75.49,75.55,19.86,半导体,广东板块,46.15,4.0
688046,药康生物,科创版,2022-08-20,32.8,2.56,0.82,15989,51035894.0,7.91,33.08,30.55,32.26,3.63,生物制品,江苏板块,82.37,7.1
688047,龙芯中科,科创版,2022-08-20,88.5,-0.56,-0.5,24956,224292330.0,2.67,90.88,88.5,89.0,8.0,半导体,北京板块,243.59,9.21
688048,长光华芯,科创版,2022-08-20,138.0,-5.22,-7.6,21656,313023885.0,9.24,151.0,137.55,147.49,7.34,半导体,江苏板块,158.1,5.9
688049,炬芯科技,科创版,2022-08-20,39.16,-5.75,-2.39,19180,77890431.0,7.56,42.26,39.12,41.79,6.99,半导体,广东板块,113.82,2.77
688050,爱博医疗,科创版,2022-08-20,200.08,-0.4,-0.81,8234,167413617.0,5.32,208.7,198.01,198.33,1.18,医疗器械,北京板块,85.43,12.16
688051,佳华科技,科创版,2022-08-20,27.91,-4.02,-1.17,7068,20259048.0,6.77,29.77,27.8,29.09,2.97,互联网服务,北京板块,-18.29,1.72
688052,纳芯微,科创版,2022-08-20,393.01,0.0,0.01,8042,319561321.0,4.47,405.88,388.31,390.0,3.73,半导体,江苏板块,117.8,6.47
688053,思科瑞,科创版,2022-08-20,71.3,-3.65,-2.7,7420,54400902.0,7.01,75.88,70.69,74.02,3.39,电子元件,四川板块,94.42,4.49
688055,龙腾光电,科创版,2022-08-20,5.46,-2.33,-0.13,71044,39719538.0,4.29,5.7,5.46,5.6,0.39,光学光电子,江苏板块,29.32,3.88
688056,莱伯泰科,科创版,2022-08-20,41.6,-7.56,-3.4,14027,60065445.0,7.53,44.99,41.6,44.3,5.49,仪器仪表,北京板块,58.65,3.61
688057,金达莱,科创版,2022-08-20,16.86,-2.15,-0.37,19712,33609535.0,2.79,17.32,16.84,17.17,1.42,环保行业,江西板块,12.13,1.55
688058,宝兰德,科创版,2022-08-20,55.45,-2.26,-1.28,11684,67123483.0,6.33,59.0,55.41,56.51,3.74,软件开发,北京板块,54.6,3.29
688059,华锐精密,科创版,2022-08-20,119.65,-5.64,-7.15,2430,29616801.0,6.77,128.0,119.41,125.15,0.98,通用设备,湖南板块,33.16,6.01
688060,云涌科技,科创版,2022-08-20,53.0,-2.75,-1.5,5650,30506009.0,4.5,55.36,52.91,54.5,2.15,软件开发,江苏板块,131.0,3.34
688062,迈威生物-U,科创版,2022-08-20,16.13,-1.77,-0.29,12817,20873913.0,2.74,16.56,16.11,16.42,1.36,生物制品,上海板块,-7.31,1.55
688063,派能科技,科创版,2022-08-20,475.13,-3.82,-18.88,23319,1133418642.0,5.24,499.9,474.01,491.33,2.84,电池,上海板块,181.52,24.44
688065,凯赛生物,科创版,2022-08-20,77.61,-3.08,-2.47,11393,89145890.0,4.2,80.83,77.47,80.0,0.48,化学制品,上海板块,67.26,4.2
688066,航天宏图,科创版,2022-08-20,74.6,-5.57,-4.4,42966,316629658.0,15.25,81.78,69.73,80.0,2.32,互联网服务,北京板块,807.89,6.09
688067,爱威科技,科创版,2022-08-20,21.57,-3.01,-0.67,7340,15965983.0,3.33,22.27,21.53,22.2,1.83,医疗器械,湖南板块,62.8,3.16
688068,热景生物,科创版,2022-08-20,66.17,-0.66,-0.44,15872,106562862.0,3.83,68.28,65.73,66.62,2.45,医疗器械,北京板块,2.51,1.94
688069,德林海,科创版,2022-08-20,32.45,-1.37,-0.45,1345,4390348.0,3.25,33.3,32.23,33.3,0.26,环保行业,江苏板块,218.92,1.85
688070,纵横股份,科创版,2022-08-20,69.0,-3.09,-2.2,11307,79595839.0,5.6,72.99,69.0,71.52,3.03,航天航空,四川板块,-2722.38,8.69
688071,华依科技,科创版,2022-08-20,80.99,-3.12,-2.61,13619,113197138.0,10.04,87.67,79.28,83.59,3.34,汽车零部件,上海板块,-403.81,12.81
688072,拓荆科技-U,科创版,2022-08-20,254.1,-8.44,-23.42,11239,296461408.0,10.99,284.15,253.64,278.12,4.29,半导体,辽宁板块,-676.42,9.71
688075,安旭生物,科创版,2022-08-20,106.45,1.57,1.65,16007,171257453.0,4.24,108.48,104.04,104.72,7.06,医疗器械,浙江板块,0.9,1.91
688076,诺泰生物,科创版,2022-08-20,23.36,-2.01,-0.48,17302,40820497.0,3.27,24.13,23.35,23.58,1.2,医疗服务,江苏板块,77.36,2.77
688077,大地熊,科创版,2022-08-20,83.2,-4.2,-3.65,22188,191215520.0,6.25,88.28,82.85,86.95,4.94,小金属,安徽板块,32.08,6.36
688078,龙软科技,科创版,2022-08-20,42.6,-1.98,-0.86,7434,32003086.0,4.76,44.31,42.24,42.88,2.09,软件开发,北京板块,53.24,5.15
688079,美迪凯,科创版,2022-08-20,12.6,-3.52,-0.46,75822,96882386.0,6.58,13.27,12.41,13.07,4.35,光学光电子,浙江板块,84.9,3.24
688080,映翰通,科创版,2022-08-20,44.81,-4.5,-2.11,5293,24171287.0,6.84,47.61,44.4,47.21,1.4,通信设备,北京板块,298.86,3.16
688081,兴图新科,科创版,2022-08-20,21.72,-11.02,-2.69,20350,45362542.0,6.51,23.15,21.56,23.13,6.41,通信服务,湖北板块,-41.83,2.45
688082,盛美上海,科创版,2022-08-20,120.0,-5.06,-6.39,14727,182091432.0,9.04,131.0,119.58,125.19,4.13,专用设备,上海板块,109.95,10.27
688083,中望软件,科创版,2022-08-20,215.99,-1.06,-2.31,5020,108836375.0,3.66,222.0,214.0,217.2,1.13,软件开发,广东板块,-257.22,6.93
688085,三友医疗,科创版,2022-08-20,23.84,-3.68,-0.91,18948,46594023.0,7.11,25.58,23.82,24.75,2.04,医疗器械,上海板块,40.59,3.2
688086,*ST紫晶,科创版,2022-08-20,7.75,-1.27,-0.1,21635,16953137.0,2.93,7.96,7.73,7.83,1.63,计算机设备,广东板块,-3.69,1.01
688087,英科再生,科创版,2022-08-20,53.14,-0.06,-0.03,3861,20808097.0,3.76,55.0,53.0,53.24,0.56,塑料制品,山东板块,36.47,3.74
688088,虹软科技,科创版,2022-08-20,31.98,-8.71,-3.05,99331,332737787.0,10.11,35.44,31.9,35.01,3.71,互联网服务,浙江板块,132.33,5.21
688089,嘉必优,科创版,2022-08-20,44.0,-2.61,-1.18,16466,72506503.0,5.25,45.73,43.36,45.73,2.52,食品饮料,湖北板块,52.77,3.78
688090,瑞松科技,科创版,2022-08-20,41.41,-5.86,-2.58,21112,88843374.0,8.37,44.6,40.92,43.87,4.56,专用设备,广东板块,76.6,2.91
688091,上海谊众-U,科创版,2022-08-20,118.5,-8.14,-10.5,17475,212896742.0,8.11,128.96,118.5,128.96,6.71,化学制药,上海板块,102.8,10.14
688092,爱科科技,科创版,2022-08-20,30.23,-3.33,-1.04,13923,42168405.0,6.72,31.65,29.55,31.47,5.34,专用设备,浙江板块,48.21,3.59
688093,世华科技,科创版,2022-08-20,21.87,-4.75,-1.09,14533,32382075.0,6.49,23.2,21.71,23.15,2.44,电子元件,江苏板块,46.26,4.19
688095,福昕软件,科创版,2022-08-20,75.35,-3.24,-2.52,9822,75888361.0,6.78,80.31,75.03,77.71,2.49,软件开发,福建板块,122.25,1.87
688096,京源环保,科创版,2022-08-20,13.11,-1.5,-0.2,7295,9649481.0,2.18,13.36,13.07,13.3,0.92,环保行业,江苏板块,65.86,1.86
688097,博众精工,科创版,2022-08-20,35.13,-4.64,-1.71,15037,53118160.0,8.41,37.3,34.2,36.99,3.0,专用设备,江苏板块,344.07,5.85
688098,申联生物,科创版,2022-08-20,8.35,-0.48,-0.04,12800,10748486.0,1.79,8.49,8.34,8.36,0.49,农药兽药,上海板块,35.82,2.34
688099,晶晨股份,科创版,2022-08-20,91.35,-3.3,-3.12,17588,163375638.0,4.09,95.21,91.35,93.82,0.43,半导体,上海板块,32.11,8.21
688100,威胜信息,科创版,2022-08-20,25.25,-3.88,-1.02,32981,85166202.0,8.11,27.26,25.13,26.33,1.98,通信设备,湖南板块,33.17,4.74
688101,三达膜,科创版,2022-08-20,14.85,-1.98,-0.3,18312,27460213.0,3.63,15.32,14.77,15.1,1.0,环保行业,陕西板块,21.3,1.45
688102,斯瑞新材,科创版,2022-08-20,16.81,-3.94,-0.69,46999,79638247.0,7.31,17.78,16.5,17.5,14.31,有色金属,陕西板块,53.79,7.12
688103,国力股份,科创版,2022-08-20,59.29,-1.07,-0.64,4789,28990908.0,4.61,61.76,59.0,59.93,2.36,电子元件,江苏板块,117.27,6.11
688105,诺唯赞,科创版,2022-08-20,67.75,-3.06,-2.14,5897,40512062.0,4.82,70.9,67.53,69.45,1.65,医疗器械,江苏板块,15.71,6.1
688106,金宏气体,科创版,2022-08-20,21.92,-3.99,-0.91,58528,130901216.0,5.91,23.25,21.9,22.97,2.22,电子化学品,江苏板块,68.53,4.1
688107,安路科技-U,科创版,2022-08-20,72.2,-2.97,-2.21,18309,136459389.0,6.72,76.98,71.98,74.41,4.09,半导体,上海板块,408.15,18.87
688108,赛诺医疗,科创版,2022-08-20,6.27,-0.79,-0.05,28467,17937707.0,3.01,6.43,6.24,6.24,0.98,医疗器械,天津板块,-21.86,2.86
688109,品茗科技,科创版,2022-08-20,31.8,-4.96,-1.66,3381,11205606.0,6.99,34.14,31.8,33.0,1.3,软件开发,浙江板块,-17.17,2.02
688110,东芯股份,科创版,2022-08-20,35.72,-3.22,-1.19,49607,181266699.0,5.88,37.77,35.6,36.72,5.42,半导体,上海板块,35.86,4.1
688111,金山办公,科创版,2022-08-20,170.12,-1.28,-2.21,20415,350970287.0,3.06,175.4,170.12,171.9,0.94,软件开发,北京板块,78.22,10.2
688112,鼎阳科技,科创版,2022-08-20,83.21,-6.2,-5.5,20278,169965848.0,8.47,89.06,81.55,89.05,8.34,仪器仪表,广东板块,78.5,6.34
688113,联测科技,科创版,2022-08-20,56.66,-5.09,-3.04,4695,27342119.0,6.68,60.55,56.56,59.7,1.17,专用设备,江苏板块,39.15,5.14
688115,思林杰,科创版,2022-08-20,65.61,-1.85,-1.24,8520,55667893.0,6.93,67.99,63.36,66.54,5.56,仪器仪表,广东板块,69.0,3.39
688116,天奈科技,科创版,2022-08-20,130.55,0.42,0.55,44991,589399171.0,3.13,133.37,129.3,131.45,2.51,化学制品,江苏板块,75.83,14.63
688117,圣诺生物,科创版,2022-08-20,27.5,-1.5,-0.42,4448,12305493.0,1.79,28.0,27.5,27.83,0.96,化学制药,四川板块,38.48,2.84
688118,普元信息,科创版,2022-08-20,17.77,-2.74,-0.5,16966,30710183.0,4.87,18.56,17.67,18.27,2.34,软件开发,上海板块,-30.8,2.01
688119,中钢洛耐,科创版,2022-08-20,7.88,-1.75,-0.14,58766,46678465.0,2.12,8.04,7.87,8.01,3.93,非金属材料,河南板块,38.01,2.95
688120,华海清科,科创版,2022-08-20,329.02,-3.14,-10.67,12046,406969103.0,6.77,352.0,329.01,340.0,4.88,半导体,天津板块,94.49,7.83
688121,卓然股份,科创版,2022-08-20,20.47,-3.08,-0.65,7361,15290510.0,4.5,21.33,20.38,21.16,1.7,专用设备,上海板块,-17.74,2.31
688122,西部超导,科创版,2022-08-20,108.05,-0.78,-0.85,27382,297584094.0,4.79,112.37,107.15,109.0,0.59,有色金属,陕西板块,45.39,9.19
688123,聚辰股份,科创版,2022-08-20,98.82,-3.48,-3.56,12078,121453743.0,7.35,104.78,97.25,102.54,1.44,半导体,上海板块,52.16,7.68
688125,安达智能,科创版,2022-08-20,78.8,18.32,12.2,40276,298702969.0,18.89,79.92,67.34,70.0,23.94,专用设备,广东板块,52.2,3.53
688126,沪硅产业-U,科创版,2022-08-20,21.57,-3.1,-0.69,153921,339679925.0,5.75,22.79,21.51,22.25,1.14,半导体,上海板块,535.1,4.45
688127,蓝特光学,科创版,2022-08-20,25.95,-2.55,-0.68,37363,101091033.0,7.66,27.99,25.95,26.83,2.21,光学光电子,浙江板块,121.37,7.29
688128,中国电研,科创版,2022-08-20,23.2,-3.69,-0.89,20291,47668483.0,4.61,24.2,23.09,24.09,2.11,专用设备,广东板块,47.76,4.0
688129,东来技术,科创版,2022-08-20,15.35,-2.79,-0.44,6540,10169650.0,3.99,15.95,15.32,15.82,1.61,化学制品,上海板块,41.76,2.17
688130,晶华微,科创版,2022-08-20,58.74,-2.26,-1.36,16228,97138101.0,5.11,61.48,58.41,60.01,10.94,半导体,浙江板块,40.84,2.99
688131,皓元医药,科创版,2022-08-20,146.3,-3.75,-5.7,4857,72084433.0,4.79,153.28,146.0,152.14,0.81,化学制药,上海板块,61.06,8.27
688133,泰坦科技,科创版,2022-08-20,138.96,-2.83,-4.04,4614,64842971.0,4.77,145.0,138.18,143.12,0.99,专业服务,上海板块,136.67,6.69
688135,利扬芯片,科创版,2022-08-20,35.88,-6.81,-2.62,37369,139819736.0,8.96,39.15,35.7,38.38,4.44,半导体,广东板块,179.94,4.75
688136,科兴制药,科创版,2022-08-20,24.94,-0.64,-0.16,6666,16717474.0,1.67,25.33,24.91,25.28,1.03,生物制品,山东板块,42.56,2.58
688138,清溢光电,科创版,2022-08-20,20.98,-4.94,-1.09,33862,73149113.0,7.11,22.55,20.98,22.11,4.15,半导体,广东板块,105.39,4.68
688139,海尔生物,科创版,2022-08-20,74.9,0.67,0.5,9376,71128833.0,4.1,76.84,73.79,74.79,0.51,医疗器械,山东板块,52.3,6.7
688148,芳源股份,科创版,2022-08-20,20.39,-3.18,-0.67,122784,250550925.0,6.51,21.23,19.86,21.1,3.21,电池,广东板块,1851.61,7.79
688150,莱特光电,科创版,2022-08-20,27.82,5.02,1.33,117140,335898816.0,13.51,30.59,27.01,27.8,35.83,光学光电子,陕西板块,86.83,6.97
688151,华强科技,科创版,2022-08-20,23.95,-2.28,-0.56,18938,46049340.0,3.67,24.83,23.93,24.43,2.61,专用设备,湖北板块,27.41,1.97
688153,唯捷创芯-U,科创版,2022-08-20,45.4,-3.42,-1.61,20953,97010498.0,6.23,48.26,45.33,47.01,6.86,半导体,天津板块,123.53,4.89
688155,先惠技术,科创版,2022-08-20,113.08,-6.97,-8.47,7352,85383489.0,11.26,124.8,111.11,124.8,2.23,专用设备,上海板块,104.48,7.12
688156,路德环境,科创版,2022-08-20,24.54,0.29,0.07,10542,25676595.0,3.19,24.78,24.0,24.41,1.48,环保行业,湖北板块,61.66,2.96
688157,松井股份,科创版,2022-08-20,118.0,-4.77,-5.91,6780,82085914.0,5.41,124.7,118.0,124.0,1.93,化学制品,湖南板块,117.53,7.79
688158,优刻得-W,科创版,2022-08-20,14.43,-3.67,-0.55,67544,100012114.0,6.14,15.3,14.38,14.99,1.9,互联网服务,上海板块,-12.58,2.07
688159,有方科技,科创版,2022-08-20,21.81,-9.8,-2.37,34172,77442948.0,12.94,24.89,21.76,24.18,5.25,通信设备,广东板块,-79.15,2.42
688160,步科股份,科创版,2022-08-20,54.5,-5.68,-3.28,19596,108085473.0,8.88,58.65,53.52,58.49,7.35,专用设备,上海板块,53.37,6.83
688161,威高骨科,科创版,2022-08-20,50.0,-2.91,-1.5,6982,35598063.0,4.54,52.34,50.0,51.48,1.4,医疗器械,山东板块,51.08,4.52
688162,巨一科技,科创版,2022-08-20,67.42,-6.92,-5.01,20947,144484321.0,6.9,72.0,67.0,72.0,7.37,专用设备,安徽板块,63.89,3.68
688163,赛伦生物,科创版,2022-08-20,23.22,-2.48,-0.59,8895,20934367.0,3.65,24.09,23.22,23.75,3.59,生物制品,上海板块,158.64,2.37
688165,埃夫特-U,科创版,2022-08-20,10.18,-3.23,-0.34,48344,50100018.0,5.42,10.74,10.17,10.54,1.49,通用设备,安徽板块,-39.5,2.84
688166,博瑞医药,科创版,2022-08-20,22.84,0.66,0.15,37514,86720819.0,4.58,23.56,22.52,22.61,1.78,化学制药,江苏板块,38.53,5.53
688167,炬光科技,科创版,2022-08-20,154.0,-4.78,-7.73,11353,181791006.0,6.6,164.68,154.0,162.88,5.29,半导体,陕西板块,171.86,5.93
688168,安博通,科创版,2022-08-20,37.01,-2.66,-1.01,7883,29735724.0,5.84,39.2,36.98,38.48,1.97,软件开发,北京板块,-29.51,2.51
688169,石头科技,科创版,2022-08-20,343.0,-0.54,-1.86,7004,242146654.0,3.58,351.19,338.86,343.0,0.97,家电行业,北京板块,23.39,3.69
688170,德龙激光,科创版,2022-08-20,67.3,-2.52,-1.74,27540,193078305.0,10.08,74.0,67.04,68.5,13.1,专用设备,江苏板块,73.35,5.49
688171,纬德信息,科创版,2022-08-20,25.56,-2.03,-0.53,18954,49727343.0,6.25,27.08,25.45,26.21,9.53,软件开发,广东板块,55.24,2.67
688173,希荻微,科创版,2022-08-20,33.33,-6.53,-2.33,38977,135602592.0,9.53,36.73,33.33,35.5,11.88,半导体,广东板块,352.36,7.8
688175,高凌信息,科创版,2022-08-20,33.51,-2.33,-0.8,5833,19795353.0,3.67,34.77,33.51,34.17,3.28,通信设备,广东板块,342.03,1.78
688176,亚虹医药-U,科创版,2022-08-20,11.94,-0.42,-0.05,4881,5840004.0,0.92,12.04,11.93,11.99,0.46,生物制品,江苏板块,-35.98,2.29
688177,百奥泰,科创版,2022-08-20,19.76,0.92,0.18,15411,31057125.0,5.67,20.72,19.61,20.16,1.43,生物制品,广东板块,-18.53,4.14
688178,万德斯,科创版,2022-08-20,19.7,0.15,0.03,2320,4580376.0,1.37,19.85,19.58,19.58,0.52,环保行业,江苏板块,202.34,1.4
688179,阿拉丁,科创版,2022-08-20,44.33,-4.83,-2.25,19252,87580581.0,7.0,47.46,44.2,46.58,2.68,专业服务,上海板块,50.48,6.4
688180,君实生物-U,科创版,2022-08-20,58.8,-3.4,-2.07,64422,383917970.0,4.01,61.14,58.7,60.88,1.5,生物制品,上海板块,-33.84,6.89
688181,八亿时空,科创版,2022-08-20,48.25,-3.29,-1.64,28472,141056806.0,6.45,51.44,48.22,50.9,3.71,光学光电子,北京板块,18.23,2.44
688182,灿勤科技,科创版,2022-08-20,14.93,-4.84,-0.76,44842,69390267.0,7.27,16.07,14.93,15.65,6.33,通信设备,江苏板块,80.74,2.93
688183,生益电子,科创版,2022-08-20,11.76,-2.97,-0.36,50738,61003263.0,4.95,12.34,11.74,12.17,1.67,电子元件,广东板块,30.38,2.49
688185,康希诺,科创版,2022-08-20,157.11,-1.25,-1.99,13765,220590323.0,4.76,164.6,157.03,160.25,2.04,生物制品,天津板块,80.05,4.89
688186,广大特材,科创版,2022-08-20,36.6,-3.79,-1.44,53079,194361875.0,7.12,38.31,35.6,38.31,3.52,钢铁行业,江苏板块,93.96,2.54
688187,时代电气,科创版,2022-08-20,67.39,1.16,0.77,114265,780750920.0,5.22,70.38,66.9,67.25,6.53,交运设备,湖南板块,69.98,2.95
688188,柏楚电子,科创版,2022-08-20,224.7,-3.81,-8.9,5964,137198389.0,5.39,237.14,224.56,230.62,0.42,软件开发,上海板块,66.15,8.16
688189,南新制药,科创版,2022-08-20,17.9,-4.38,-0.82,30555,55419945.0,4.33,18.71,17.9,18.63,2.18,化学制药,湖南板块,74.25,2.5
688190,云路股份,科创版,2022-08-20,89.25,-4.62,-4.32,5455,49618350.0,6.26,94.86,89.0,93.28,2.0,小金属,山东板块,69.89,5.85
688191,智洋创新,科创版,2022-08-20,20.83,-1.51,-0.32,21069,43925399.0,4.49,21.4,20.45,21.24,2.98,电网设备,山东板块,50.24,3.93
688192,迪哲医药-U,科创版,2022-08-20,29.7,-3.0,-0.92,6079,18354563.0,3.36,30.73,29.7,30.35,1.57,化学制药,江苏板块,-16.51,5.25
688193,仁度生物,科创版,2022-08-20,54.67,-1.55,-0.86,3424,18594500.0,3.04,55.39,53.7,54.7,4.15,生物制品,上海板块,49.88,2.26
688195,腾景科技,科创版,2022-08-20,35.17,-3.91,-1.43,39718,145641921.0,9.26,38.5,35.11,36.99,5.05,光学光电子,福建板块,84.71,5.37
688196,卓越新能,科创版,2022-08-20,82.09,0.67,0.55,14420,119632929.0,5.56,85.55,81.02,81.53,4.81,化学制品,福建板块,18.59,3.79
688197,首药控股-U,科创版,2022-08-20,23.57,-0.88,-0.21,2107,5007572.0,1.93,24.0,23.54,23.78,0.61,生物制品,北京板块,-20.85,2.7
688198,佰仁医疗,科创版,2022-08-20,120.9,0.83,0.99,1226,14811959.0,2.31,121.92,119.15,120.9,0.35,医疗器械,北京板块,301.37,17.08
688199,久日新材,科创版,2022-08-20,42.87,-6.7,-3.08,39600,171858449.0,6.44,45.58,42.62,45.15,4.54,化学制品,天津板块,23.87,1.71
688200,华峰测控,科创版,2022-08-20,446.75,-2.1,-9.58,7642,346714634.0,6.69,475.0,444.47,455.02,1.89,半导体,北京板块,56.24,10.49
688201,信安世纪,科创版,2022-08-20,38.3,-3.11,-1.23,17510,68048244.0,4.22,39.8,38.13,39.34,2.85,软件开发,北京板块,-843.24,5.4
688202,美迪西,科创版,2022-08-20,340.23,-0.9,-3.08,6301,219129347.0,4.05,353.89,339.99,343.78,1.68,医疗服务,上海板块,95.77,22.36
688203,C海正,科创版,2022-08-20,18.68,-5.7,-1.13,85336,161626815.0,6.01,19.75,18.56,19.57,18.47,化纤行业,浙江板块,88.62,2.65
688205,德科立,科创版,2022-08-20,51.67,0.33,0.17,43676,231411309.0,4.74,54.11,51.67,51.75,19.53,光学光电子,江苏板块,38.56,2.8
688206,概伦电子,科创版,2022-08-20,45.8,-0.04,-0.02,88824,418844137.0,8.62,49.0,45.05,45.5,21.4,半导体,上海板块,1056.91,9.43
688207,格灵深瞳-U,科创版,2022-08-20,29.39,-2.23,-0.67,29968,91135208.0,7.52,31.58,29.32,30.06,7.04,软件开发,北京板块,-92.83,2.37
688208,道通科技,科创版,2022-08-20,33.19,-7.93,-2.86,158264,544001939.0,9.9,36.65,33.08,36.27,5.78,计算机设备,广东板块,87.37,5.15
688209,英集芯,科创版,2022-08-20,26.2,-4.2,-1.15,47494,127112806.0,6.58,27.85,26.05,27.16,12.38,半导体,广东板块,55.96,6.56
688210,统联精密,科创版,2022-08-20,25.78,0.7,0.18,17120,44844842.0,4.69,26.66,25.46,25.46,6.79,电子元件,广东板块,73.8,2.59
688211,中科微至,科创版,2022-08-20,45.81,-4.16,-1.99,7658,35707799.0,4.83,48.08,45.77,47.74,2.39,物流行业,江苏板块,-140.97,1.6
688212,澳华内镜,科创版,2022-08-20,47.0,-1.65,-0.79,4446,20981462.0,2.51,47.86,46.66,47.2,1.47,医疗器械,上海板块,459.88,5.1
688213,思特威-W,科创版,2022-08-20,56.18,-4.5,-2.65,14462,83326945.0,6.97,60.22,56.12,59.1,4.8,半导体,上海板块,398.14,5.88
688215,瑞晟智能,科创版,2022-08-20,33.48,-2.28,-0.78,4794,16186553.0,2.69,34.26,33.34,34.26,3.11,专用设备,浙江板块,188.78,3.09
688216,气派科技,科创版,2022-08-20,33.9,-5.1,-1.82,41672,149711547.0,9.85,37.37,33.85,35.9,9.81,半导体,广东板块,-2760.54,3.6
688217,睿昂基因,科创版,2022-08-20,41.33,-2.73,-1.16,3078,12952359.0,3.95,42.93,41.25,42.49,0.84,医疗器械,上海板块,-246.33,2.59
688218,江苏北人,科创版,2022-08-20,32.5,-14.43,-5.48,124016,429678292.0,15.01,38.2,32.5,38.2,13.89,专用设备,江苏板块,-242.54,4.55
688219,会通股份,科创版,2022-08-20,11.9,13.88,1.45,159345,182961436.0,13.97,11.94,10.48,10.48,6.22,塑料制品,安徽板块,43.85,3.17
688220,翱捷科技-U,科创版,2022-08-20,72.96,-1.91,-1.42,5861,43385151.0,3.66,75.47,72.75,74.03,1.65,半导体,上海板块,-236.29,3.99
688221,前沿生物-U,科创版,2022-08-20,14.38,-1.03,-0.15,15876,22933837.0,1.58,14.59,14.36,14.5,0.84,化学制药,江苏板块,-21.83,2.92
688222,成都先导,科创版,2022-08-20,18.0,-2.7,-0.5,18392,33778383.0,4.54,18.84,18.0,18.7,0.66,医疗服务,四川板块,-254.37,5.62
688223,晶科能源,科创版,2022-08-20,17.35,-5.19,-0.95,764706,1334931870.0,6.72,18.29,17.06,18.24,5.46,光伏设备,江西板块,108.14,7.35
688225,亚信安全,科创版,2022-08-20,21.23,-3.06,-0.67,19562,42587644.0,5.16,22.34,21.21,22.26,5.69,软件开发,江苏板块,-27.13,3.42
688226,威腾电气,科创版,2022-08-20,20.17,-8.53,-1.88,100130,203831622.0,13.79,22.29,19.25,22.25,12.16,电网设备,江苏板块,52.98,3.65
688227,品高股份,科创版,2022-08-20,21.35,-2.11,-0.46,5354,11562111.0,3.44,22.1,21.35,21.81,2.05,软件开发,广东板块,-43.72,1.75
688228,开普云,科创版,2022-08-20,33.26,-2.09,-0.71,7034,23812296.0,4.18,34.6,33.18,33.97,2.38,互联网服务,广东板块,-120.18,1.87
688229,博睿数据,科创版,2022-08-20,38.0,-3.82,-1.51,2633,10221734.0,5.57,40.1,37.9,39.11,1.25,互联网服务,北京板块,-18.19,2.24
688230,芯导科技,科创版,2022-08-20,72.7,-4.19,-3.18,11552,86154836.0,6.95,77.77,72.5,75.86,5.91,半导体,上海板块,51.05,2.93
688231,隆达股份,科创版,2022-08-20,36.36,-5.83,-2.25,48167,178867280.0,7.38,38.96,36.11,38.5,9.52,有色金属,江苏板块,140.66,3.3
688232,新点软件,科创版,2022-08-20,46.45,2.77,1.25,16034,73635609.0,4.8,46.89,44.72,44.72,2.28,软件开发,江苏板块,-105.55,3.06
688233,神工股份,科创版,2022-08-20,59.01,-6.26,-3.94,28854,176187466.0,8.21,64.17,59.0,63.1,3.46,半导体,辽宁板块,47.3,6.75
688234,天岳先进,科创版,2022-08-20,114.0,-3.41,-4.02,71175,850004376.0,13.0,126.65,111.31,120.0,20.04,半导体,山东板块,-279.83,9.1
688235,百济神州-U,科创版,2022-08-20,104.52,-2.5,-2.68,11471,121317028.0,2.88,107.59,104.5,106.63,1.42,生物制品,-,-12.26,3.75
688236,春立医疗,科创版,2022-08-20,20.1,-1.28,-0.26,3801,7673711.0,1.52,20.39,20.08,20.28,1.14,医疗器械,北京板块,26.09,3.08
688237,超卓航科,科创版,2022-08-20,72.37,-2.7,-2.01,13646,101183274.0,7.49,77.2,71.63,74.77,7.59,航天航空,湖北板块,62.91,5.16
688238,和元生物,科创版,2022-08-20,26.6,-6.17,-1.75,28060,76073858.0,6.17,28.35,26.6,27.92,4.07,医疗服务,上海板块,271.74,6.15
688239,航宇科技,科创版,2022-08-20,72.7,-3.2,-2.4,22099,160755159.0,6.01,75.99,71.48,74.94,2.19,航天航空,贵州板块,49.04,9.56
688246,嘉和美康,科创版,2022-08-20,25.06,-1.26,-0.32,4417,11183957.0,2.84,25.78,25.06,25.59,1.28,医疗服务,北京板块,-31.01,2.02
688247,宣泰医药,科创版,2022-08-20,-,-,-,-,-,-,-,-,-,-,生物制品,上海板块,47.54,5.13
688248,南网科技,科创版,2022-08-20,49.98,4.82,2.3,89808,438786364.0,15.04,52.68,45.51,47.5,10.63,电网设备,广东板块,1558.98,11.82
688251,井松智能,科创版,2022-08-20,46.66,-5.01,-2.46,18954,90278270.0,7.84,50.45,46.6,50.45,14.07,通用设备,安徽板块,42.87,3.87
688253,英诺特,科创版,2022-08-20,27.92,-2.24,-0.64,21789,61638324.0,3.26,28.85,27.92,28.56,7.62,生物制品,北京板块,17.49,2.31
688255,凯尔达,科创版,2022-08-20,47.86,-4.38,-2.19,23800,116252509.0,7.03,51.2,47.68,51.0,13.61,专用设备,浙江板块,64.23,3.43
688256,寒武纪-U,科创版,2022-08-20,61.18,-3.87,-2.46,31842,199603681.0,6.27,65.09,61.1,63.29,1.31,半导体,北京板块,-19.7,4.49
688257,新锐股份,科创版,2022-08-20,39.68,-2.96,-1.21,8643,35147640.0,6.04,42.1,39.63,40.88,4.0,有色金属,江苏板块,24.94,1.85
688258,卓易信息,科创版,2022-08-20,40.42,-0.69,-0.28,19882,81427342.0,3.78,41.77,40.23,40.72,4.58,互联网服务,江苏板块,54.68,3.93
688259,创耀科技,科创版,2022-08-20,103.0,-0.31,-0.32,16953,174531781.0,6.36,106.57,100.0,101.2,9.53,半导体,江苏板块,80.92,5.8
688260,昀冢科技,科创版,2022-08-20,23.84,-3.36,-0.83,39897,98222489.0,7.26,25.49,23.7,24.14,5.99,消费电子,江苏板块,101.37,5.36
688261,东微半导,科创版,2022-08-20,267.68,-6.16,-17.57,6331,175197648.0,8.73,292.0,267.09,285.04,4.25,半导体,江苏板块,94.44,6.94
688262,国芯科技,科创版,2022-08-20,53.09,-4.03,-2.23,30402,165001163.0,7.72,56.95,52.68,55.02,5.45,半导体,江苏板块,10363.64,4.64
688265,南模生物,科创版,2022-08-20,56.9,-2.33,-1.36,2155,12391623.0,3.28,58.73,56.82,58.18,1.11,生物制品,上海板块,79.66,2.51
688266,泽璟制药-U,科创版,2022-08-20,34.25,-3.6,-1.28,17486,61505659.0,6.47,36.5,34.2,35.33,1.24,化学制药,江苏板块,-16.64,8.64
688267,中触媒,科创版,2022-08-20,32.45,-2.14,-0.71,8258,26978726.0,4.13,33.68,32.31,33.28,2.15,化学原料,辽宁板块,42.87,2.25
688268,华特气体,科创版,2022-08-20,84.78,-4.43,-3.93,13540,117597129.0,7.6,90.94,84.2,88.5,3.88,电子化学品,广东板块,64.93,7.34
688269,凯立新材,科创版,2022-08-20,130.66,-0.52,-0.68,3828,49686383.0,3.98,132.99,127.76,132.6,0.88,化学制品,陕西板块,54.86,15.17
688270,臻镭科技,科创版,2022-08-20,83.0,-6.03,-5.33,8814,74536499.0,7.27,88.3,81.88,87.86,3.53,半导体,浙江板块,327.62,4.59
688271,联影医疗,科创版,2022-08-20,-,-,-,-,-,-,-,-,-,-,医疗器械,上海板块,58.51,5.47
688272,富吉瑞,科创版,2022-08-20,31.2,0.55,0.17,22857,69990785.0,8.73,31.93,29.22,31.03,14.15,光学光电子,北京板块,-27.42,3.78
688273,麦澜德,科创版,2022-08-20,36.37,-3.99,-1.51,43868,161641560.0,5.91,38.23,35.99,37.9,19.62,医疗器械,江苏板块,38.99,2.75
688276,百克生物,科创版,2022-08-20,61.7,-0.68,-0.42,11838,73815442.0,2.61,63.28,61.66,61.95,0.51,生物制品,吉林板块,367.75,7.51
688277,天智航-U,科创版,2022-08-20,15.62,-4.87,-0.8,83488,132892499.0,6.09,16.59,15.59,16.59,2.79,医疗器械,北京板块,-56.99,6.7
688278,特宝生物,科创版,2022-08-20,27.92,1.75,0.48,60246,172994829.0,6.49,29.6,27.82,29.31,2.71,生物制品,福建板块,42.49,9.06
688279,峰岹科技,科创版,2022-08-20,79.22,-4.67,-3.88,9810,78557248.0,6.52,83.68,78.26,83.65,4.67,半导体,广东板块,47.98,3.41
688280,精进电动-UW,科创版,2022-08-20,11.95,-7.0,-0.9,101576,125065265.0,8.02,12.96,11.93,12.76,9.7,汽车零部件,北京板块,-20.19,3.67
688281,华秦科技,科创版,2022-08-20,318.5,-1.12,-3.6,2952,93789912.0,3.01,323.28,313.6,317.55,1.37,非金属材料,陕西板块,125.34,8.42
688282,理工导航,科创版,2022-08-20,50.1,0.36,0.18,21807,111858819.0,5.71,52.63,49.78,50.0,11.1,通信设备,北京板块,77.48,3.0
688283,坤恒顺维,科创版,2022-08-20,60.42,-2.67,-1.66,2885,17684671.0,5.67,63.58,60.06,62.24,1.57,专用设备,四川板块,-2072.45,6.29
688285,高铁电气,科创版,2022-08-20,8.8,-2.22,-0.2,21996,19555125.0,3.67,9.13,8.8,9.0,2.92,交运设备,陕西板块,38.3,2.26
688286,敏芯股份,科创版,2022-08-20,59.9,-5.64,-3.58,14929,93097437.0,11.03,66.11,59.11,64.37,4.21,半导体,江苏板块,-301.44,2.93
688287,观典防务,科创版,2022-08-20,13.09,-3.68,-0.5,58434,77937754.0,4.78,13.73,13.08,13.45,4.0,航天航空,北京板块,164.74,4.4
688288,鸿泉物联,科创版,2022-08-20,23.02,-6.35,-1.56,16949,40335394.0,8.67,25.13,23.0,24.33,3.2,计算机设备,浙江板块,-38.32,2.57
688289,圣湘生物,科创版,2022-08-20,28.2,0.5,0.14,41175,117390000.0,3.1,28.98,28.11,28.35,1.18,医疗器械,湖南板块,6.36,2.43
688290,景业智能,科创版,2022-08-20,90.4,-7.23,-7.05,10291,94981848.0,7.92,96.99,89.27,96.23,6.14,专用设备,浙江板块,104.91,7.7
688292,C浩瀚,科创版,2022-08-20,18.56,-6.73,-1.34,134459,253808190.0,4.77,19.47,18.52,19.17,38.93,互联网服务,北京板块,54.15,3.02
688293,奥浦迈,科创版,2022-08-20,-,-,-,-,-,-,-,-,-,-,专业服务,上海板块,-,-
688295,中复神鹰,科创版,2022-08-20,42.22,-4.0,-1.76,43687,186318124.0,5.64,44.18,41.7,43.9,6.35,化纤行业,江苏板块,86.38,8.98
688296,和达科技,科创版,2022-08-20,24.54,-3.31,-0.84,9977,24992447.0,5.67,25.87,24.43,25.49,1.7,软件开发,浙江板块,-297.73,3.82
688297,中无人机,科创版,2022-08-20,52.74,-2.3,-1.24,93890,502434615.0,4.43,54.97,52.58,53.54,7.52,航天航空,四川板块,75.41,6.35
688298,东方生物,科创版,2022-08-20,108.21,0.11,0.12,27982,307981723.0,3.7,111.7,107.7,107.7,3.24,医疗器械,浙江板块,2.2,2.22
688299,长阳科技,科创版,2022-08-20,21.34,-3.83,-0.85,145563,320268860.0,10.09,23.44,21.2,23.0,6.38,光学光电子,浙江板块,43.04,3.06
688300,联瑞新材,科创版,2022-08-20,90.65,-6.06,-5.85,12273,113944206.0,6.52,96.4,90.11,95.66,2.3,非金属材料,江苏板块,42.25,6.87
688301,奕瑞科技,科创版,2022-08-20,496.01,-0.94,-4.73,1619,80551443.0,2.16,503.82,493.0,494.73,0.4,医疗器械,上海板块,89.15,12.64
688302,海创药业-U,科创版,2022-08-20,41.84,0.67,0.28,10484,44735628.0,5.63,43.58,41.24,41.6,4.63,生物制品,四川板块,-11.92,2.4
688303,大全能源,科创版,2022-08-20,62.8,0.18,0.11,179955,1135888726.0,5.97,65.0,61.26,62.63,6.27,光伏设备,新疆板块,7.05,3.75
688305,科德数控,科创版,2022-08-20,81.01,-1.95,-1.61,6534,53739011.0,3.98,84.29,81.0,83.0,1.32,通用设备,辽宁板块,250.64,7.71
688306,均普智能,科创版,2022-08-20,6.8,-1.02,-0.07,290774,203355433.0,6.55,7.23,6.78,6.9,10.76,专用设备,浙江板块,61.16,4.36
688308,欧科亿,科创版,2022-08-20,57.9,-3.21,-1.92,6798,39515909.0,5.97,60.27,56.7,59.9,1.04,通用设备,湖南板块,25.17,3.75
688309,*ST恒誉,科创版,2022-08-20,17.21,-0.81,-0.14,2257,3894656.0,3.23,17.68,17.12,17.3,0.5,环保行业,山东板块,50.69,1.93
688310,迈得医疗,科创版,2022-08-20,22.69,-3.24,-0.76,5061,11687759.0,5.12,23.74,22.54,23.22,1.34,专用设备,浙江板块,197.2,2.57
688311,盟升电子,科创版,2022-08-20,75.25,3.1,2.26,22251,167597945.0,4.62,76.1,72.73,72.73,3.31,通信设备,四川板块,-174.17,5.09
688312,燕麦科技,科创版,2022-08-20,19.28,-3.7,-0.74,11810,23250615.0,5.89,20.38,19.2,20.02,1.72,专用设备,广东板块,70.44,2.23
688313,仕佳光子,科创版,2022-08-20,13.42,3.23,0.42,270229,360818938.0,6.15,13.7,12.9,13.15,8.32,通信设备,河南板块,93.6,5.12
688314,康拓医疗,科创版,2022-08-20,55.56,-3.96,-2.29,3901,22155456.0,5.32,58.48,55.4,56.52,1.52,医疗器械,陕西板块,41.18,6.38
688315,诺禾致源,科创版,2022-08-20,31.11,7.13,2.07,39973,123868792.0,12.36,32.44,28.85,28.92,3.7,医疗服务,北京板块,109.8,6.77
688316,青云科技-U,科创版,2022-08-20,34.03,-2.97,-1.04,3062,10689717.0,5.82,35.79,33.75,35.05,0.87,互联网服务,北京板块,-5.6,3.14
688317,之江生物,科创版,2022-08-20,45.8,-1.86,-0.87,48364,223833500.0,2.96,47.18,45.8,46.19,3.96,医疗器械,上海板块,8.09,2.33
688318,财富趋势,科创版,2022-08-20,98.8,-0.26,-0.26,9703,96974589.0,3.62,101.9,98.31,98.59,3.37,软件开发,广东板块,51.42,3.02
688319,欧林生物,科创版,2022-08-20,17.37,-1.98,-0.35,9653,17147938.0,5.19,18.28,17.36,18.04,0.34,生物制品,四川板块,113.38,8.03
688320,禾川科技,科创版,2022-08-20,64.15,-8.02,-5.59,34583,231385092.0,15.13,73.36,62.81,70.73,11.19,仪器仪表,浙江板块,122.21,6.63
688321,微芯生物,科创版,2022-08-20,26.56,-2.25,-0.61,25618,69078551.0,4.75,27.79,26.5,27.13,0.62,化学制药,广东板块,-730.79,7.66
688322,奥比中光-UW,科创版,2022-08-20,41.55,10.48,3.94,93271,397877561.0,20.29,45.13,37.5,37.5,30.14,电子元件,广东板块,-68.22,4.87
688323,瑞华泰,科创版,2022-08-20,30.31,-4.51,-1.43,17453,53133102.0,6.46,31.75,29.7,31.65,1.83,塑料制品,广东板块,111.05,6.19
688325,赛微微电,科创版,2022-08-20,60.4,-8.15,-5.36,16526,103873557.0,10.57,67.25,60.3,65.7,8.99,半导体,广东板块,99.67,3.03
688326,经纬恒润-W,科创版,2022-08-20,183.44,-2.43,-4.56,11724,215707138.0,5.85,190.5,179.5,188.36,5.02,汽车零部件,北京板块,-173.43,4.41
688327,云从科技-UW,科创版,2022-08-20,23.01,-3.76,-0.9,64570,154359140.0,7.07,24.59,22.9,23.94,8.68,软件开发,广东板块,-36.79,6.25
688328,深科达,科创版,2022-08-20,31.5,-9.72,-3.39,69106,227778351.0,11.95,35.67,31.5,34.6,14.59,专用设备,广东板块,68.16,3.31
688329,艾隆科技,科创版,2022-08-20,38.95,-2.55,-1.02,11853,46209326.0,4.2,40.08,38.4,40.07,2.61,专用设备,江苏板块,49.76,3.79
688330,宏力达,科创版,2022-08-20,93.55,-5.03,-4.95,25034,239410307.0,5.95,99.16,93.3,98.5,4.43,电网设备,上海板块,20.74,2.81
688331,荣昌生物,科创版,2022-08-20,54.55,-3.25,-1.83,9767,54011874.0,5.66,57.19,54.0,56.34,2.36,生物制品,山东板块,-25.88,5.24
688332,中科蓝讯,科创版,2022-08-20,58.85,-1.29,-0.77,10790,63993276.0,1.98,59.98,58.8,59.55,3.88,半导体,广东板块,43.96,2.01
688333,铂力特,科创版,2022-08-20,228.9,-4.63,-11.1,5706,132617960.0,6.15,242.77,228.0,240.5,0.71,通用设备,陕西板块,-142.66,14.26
688335,复洁环保,科创版,2022-08-20,32.28,-2.12,-0.7,7398,23938485.0,3.43,33.14,32.01,32.19,1.5,环保行业,上海板块,37.14,2.06
688336,三生国健,科创版,2022-08-20,14.51,-1.63,-0.24,3401,4973919.0,2.64,14.89,14.5,14.75,0.37,生物制品,上海板块,6405.06,1.97
688337,普源精电-U,科创版,2022-08-20,84.75,-4.11,-3.63,10842,92443845.0,6.66,89.49,83.6,87.61,4.27,仪器仪表,江苏板块,180.03,4.16
688338,赛科希德,科创版,2022-08-20,33.3,-2.4,-0.82,4517,15240090.0,3.34,34.36,33.22,34.16,0.92,医疗器械,北京板块,37.25,1.92
688339,亿华通-U,科创版,2022-08-20,101.99,-4.5,-4.81,19320,199504648.0,5.05,106.89,101.5,106.65,2.38,电池,北京板块,-108.5,4.13
688345,博力威,科创版,2022-08-20,78.03,-4.84,-3.97,13746,112041001.0,9.65,85.66,77.75,82.41,5.7,电池,广东板块,76.82,6.81
688348,昱能科技,科创版,2022-08-20,674.0,0.61,4.1,9355,627291960.0,3.49,683.37,660.0,663.26,5.13,光伏设备,浙江板块,438.78,16.05
688349,三一重能,科创版,2022-08-20,50.22,-0.95,-0.48,55883,280608330.0,5.66,51.78,48.91,50.23,4.27,风电设备,北京板块,24.76,5.92
688350,富淼科技,科创版,2022-08-20,19.41,-2.61,-0.52,8791,17273371.0,4.16,20.18,19.35,19.94,1.43,化学制品,江苏板块,21.28,1.74
688351,微电生理,科创版,2022-08-20,-,-,-,-,-,-,-,-,-,-,医疗器械,上海板块,2215.22,11.03
688353,华盛锂电,科创版,2022-08-20,110.4,0.73,0.8,37655,419323497.0,5.36,113.88,108.0,109.0,14.95,化学制品,江苏板块,19.82,3.24
688355,明志科技,科创版,2022-08-20,28.56,1.28,0.36,73239,218104492.0,11.52,31.55,28.3,28.9,21.14,通用设备,江苏板块,58.11,3.38
688356,键凯科技,科创版,2022-08-20,208.11,-6.17,-13.69,6258,133358005.0,6.8,221.88,206.8,221.88,1.76,化学制药,北京板块,59.93,11.91
688357,建龙微纳,科创版,2022-08-20,99.6,-4.35,-4.53,7505,76484759.0,7.24,106.6,99.06,104.13,2.23,非金属材料,河南板块,36.12,4.17
688358,祥生医疗,科创版,2022-08-20,33.94,-1.91,-0.66,9455,32313328.0,3.99,35.11,33.73,34.54,3.38,医疗器械,江苏板块,25.1,2.96
688359,三孚新科,科创版,2022-08-20,55.62,-2.97,-1.7,14435,81378371.0,6.54,58.75,55.0,58.75,2.99,电子化学品,广东板块,-151.98,9.47
688360,德马科技,科创版,2022-08-20,30.2,-3.51,-1.1,15112,46318656.0,5.18,31.7,30.08,31.18,3.58,通用设备,浙江板块,27.7,2.7
688363,华熙生物,科创版,2022-08-20,140.01,-0.56,-0.79,18666,263161560.0,2.66,142.8,139.06,139.24,1.95,美容护理,山东板块,71.58,11.09
688365,光云科技,科创版,2022-08-20,10.07,-0.79,-0.08,34260,34939380.0,3.84,10.43,10.04,10.15,2.04,互联网服务,浙江板块,-32.84,3.75
688366,昊海生科,科创版,2022-08-20,80.0,-2.84,-2.34,6089,49832198.0,4.42,83.64,80.0,82.36,1.07,医疗器械,上海板块,57.15,2.54
688367,工大高科,科创版,2022-08-20,19.41,-3.29,-0.66,5136,10105085.0,3.29,20.06,19.4,20.04,0.79,交运设备,安徽板块,4107.58,3.31
688368,晶丰明源,科创版,2022-08-20,134.51,-4.13,-5.79,7042,98156197.0,7.46,144.98,134.51,140.69,4.11,半导体,上海板块,-184.27,5.01
688369,致远互联,科创版,2022-08-20,63.26,0.97,0.61,5796,36709747.0,2.75,63.77,62.05,62.67,0.97,软件开发,北京板块,-43.8,3.58
688370,丛麟科技,科创版,2022-08-20,-,-,-,-,-,-,-,-,-,-,环保行业,上海板块,40.28,4.83
688371,菲沃泰,科创版,2022-08-20,36.05,-5.13,-1.95,84518,313515033.0,7.16,38.6,35.88,37.5,11.35,电子元件,江苏板块,1282.74,6.28
688373,盟科药业-U,科创版,2022-08-20,9.26,0.76,0.07,93977,87219291.0,3.05,9.39,9.11,9.14,7.92,生物制品,上海板块,-28.15,4.63
688375,国博电子,科创版,2022-08-20,117.2,-2.5,-3.0,22753,278156536.0,6.78,125.35,117.2,118.32,7.48,电子元件,江苏板块,116.84,8.68
688377,迪威尔,科创版,2022-08-20,36.69,-3.19,-1.21,10614,39305407.0,5.75,38.38,36.2,37.5,0.97,专用设备,江苏板块,58.68,4.71
688378,奥来德,科创版,2022-08-20,42.48,-2.9,-1.27,58905,258579203.0,8.0,45.8,42.3,44.61,8.94,专用设备,吉林板块,12.66,2.67
688379,华光新材,科创版,2022-08-20,21.74,-6.13,-1.42,30961,68925064.0,6.69,23.1,21.55,22.98,6.75,通用设备,浙江板块,72.76,2.1
688380,中微半导,科创版,2022-08-20,39.8,-4.07,-1.69,67810,277450169.0,6.0,42.21,39.72,41.62,12.57,半导体,广东板块,146.64,5.05
688381,帝奥微,科创版,2022-08-20,-,-,-,-,-,-,-,-,-,-,半导体,江苏板块,43.97,16.41
688382,益方生物-U,科创版,2022-08-20,13.68,-0.65,-0.09,28395,39024823.0,1.38,13.85,13.66,13.85,2.85,生物制品,上海板块,-17.46,3.2
688383,新益昌,科创版,2022-08-20,138.55,-5.91,-8.7,10088,142956322.0,5.16,145.78,138.18,144.89,3.53,专用设备,广东板块,49.89,11.15
688385,复旦微电,科创版,2022-08-20,66.4,-3.25,-2.23,62936,426294874.0,6.15,70.0,65.78,68.1,2.04,半导体,上海板块,50.97,14.64
688386,泛亚微透,科创版,2022-08-20,53.0,-4.49,-2.49,15390,82133288.0,5.75,55.67,52.48,55.67,3.26,塑料制品,江苏板块,51.52,6.14
688388,嘉元科技,科创版,2022-08-20,66.87,-2.45,-1.68,58978,400043697.0,4.08,69.6,66.8,69.0,2.52,电池,广东板块,27.19,4.33
688389,普门科技,科创版,2022-08-20,18.68,-1.16,-0.22,20982,39204005.0,4.13,19.2,18.42,18.97,1.33,医疗器械,广东板块,39.63,6.14
688390,固德威,科创版,2022-08-20,413.66,-5.31,-23.22,19810,834025326.0,6.37,439.0,411.16,439.0,2.47,光伏设备,江苏板块,1353.47,32.44
688393,安必平,科创版,2022-08-20,23.9,-1.52,-0.37,3617,8721015.0,2.35,24.45,23.88,24.3,0.61,医疗器械,广东板块,28.42,1.86
688395,正弦电气,科创版,2022-08-20,27.76,-7.4,-2.22,40120,115028285.0,10.37,30.58,27.47,29.7,10.36,电机,广东板块,41.77,3.67
688396,华润微,科创版,2022-08-20,56.38,-2.71,-1.57,115589,670858619.0,6.19,59.88,56.29,58.5,2.62,半导体,-,27.48,3.99
688398,赛特新材,科创版,2022-08-20,34.94,-2.21,-0.79,17533,63280067.0,9.24,38.2,34.9,35.76,4.78,化学制品,福建板块,64.6,3.16
688399,硕世生物,科创版,2022-08-20,109.03,-0.72,-0.79,4966,54812533.0,3.48,111.82,108.0,109.82,1.44,医疗器械,江苏板块,2.53,2.48
688400,凌云光,科创版,2022-08-20,31.79,0.28,0.09,126309,411065974.0,6.85,33.78,31.61,31.7,15.16,专用设备,北京板块,-251.52,4.39
688401,C路维,科创版,2022-08-20,46.66,-8.15,-4.14,108210,542865678.0,13.41,53.47,46.66,52.0,38.02,光学光电子,广东板块,67.51,4.9
688403,C汇成,科创版,2022-08-20,17.49,3.25,0.55,798351,1435835651.0,13.58,19.18,16.88,17.55,68.83,半导体,安徽板块,78.92,5.19
688408,中信博,科创版,2022-08-20,145.94,2.23,3.19,50882,727826330.0,12.59,153.97,136.0,146.5,7.1,光伏设备,江苏板块,-554.34,8.15
688416,恒烁股份,科创版,2022-08-20,-,-,-,-,-,-,-,-,-,-,半导体,安徽板块,43.48,8.06
688418,震有科技,科创版,2022-08-20,11.41,-1.04,-0.12,22280,25526948.0,3.38,11.69,11.3,11.44,1.68,通信设备,广东板块,-22.9,2.03
688425,铁建重工,科创版,2022-08-20,4.05,-0.25,-0.01,72570,29432067.0,0.99,4.08,4.04,4.07,0.49,工程机械,湖南板块,14.33,1.54
688439,振华风光,科创版,2022-08-20,-,-,-,-,-,-,-,-,-,-,半导体,贵州板块,30.22,12.8
688456,有研粉材,科创版,2022-08-20,32.2,-0.86,-0.28,18856,61469835.0,6.07,33.6,31.63,32.32,3.0,有色金属,北京板块,54.0,3.08
688466,金科环境,科创版,2022-08-20,17.6,-1.46,-0.26,5632,9962046.0,3.25,18.1,17.52,18.1,1.22,环保行业,北京板块,80.78,1.78
688468,科美诊断,科创版,2022-08-20,11.24,-0.97,-0.11,6632,7505353.0,2.11,11.46,11.22,11.35,0.24,医疗器械,北京板块,28.81,3.6
688488,艾迪药业,科创版,2022-08-20,11.0,-2.4,-0.27,19175,21322754.0,3.9,11.39,10.95,11.39,0.89,生物制品,江苏板块,-51.79,3.59
688499,利元亨,科创版,2022-08-20,213.57,-4.8,-10.76,4172,90904499.0,6.17,226.85,213.0,226.0,1.21,专用设备,广东板块,59.14,9.02
688500,慧辰股份,科创版,2022-08-20,22.09,-3.96,-0.91,7141,16120255.0,5.91,23.44,22.08,23.16,1.68,互联网服务,北京板块,-209.19,1.39
688501,青达环保,科创版,2022-08-20,23.0,-0.13,-0.03,21640,49865124.0,10.94,24.5,21.98,23.33,3.51,环保行业,山东板块,-92.97,2.96
688505,复旦张江,科创版,2022-08-20,9.54,-0.93,-0.09,20055,19262679.0,1.87,9.69,9.51,9.66,0.75,化学制药,上海板块,498.22,4.58
688508,芯朋微,科创版,2022-08-20,72.57,-5.63,-4.33,39823,298943651.0,8.1,78.78,72.55,77.26,5.76,半导体,江苏板块,61.05,5.49
688509,正元地信,科创版,2022-08-20,5.06,-0.98,-0.05,36083,18410053.0,2.54,5.17,5.04,5.13,0.96,互联网服务,北京板块,-85.44,2.62
688510,航亚科技,科创版,2022-08-20,19.66,-3.34,-0.68,17820,35588959.0,5.36,20.67,19.58,20.22,1.12,航天航空,江苏板块,658.53,5.42
688511,天微电子,科创版,2022-08-20,39.6,-3.41,-1.4,8698,35005729.0,4.85,41.59,39.6,40.9,2.13,电子元件,四川板块,33.9,3.88
688513,苑东生物,科创版,2022-08-20,57.7,-3.99,-2.4,5098,29901236.0,4.44,60.33,57.66,59.81,0.85,化学制药,四川板块,25.73,2.97
688516,奥特维,科创版,2022-08-20,380.55,-0.06,-0.23,9355,354555544.0,5.19,389.98,370.22,377.14,1.8,光伏设备,江苏板块,62.79,23.85
688517,金冠电气,科创版,2022-08-20,14.62,-5.19,-0.8,29654,44250454.0,8.24,15.6,14.33,15.42,3.66,电网设备,河南板块,43.75,2.93
688518,联赢激光,科创版,2022-08-20,44.12,5.3,2.22,137641,609841241.0,9.86,45.76,41.63,42.02,5.51,专用设备,广东板块,221.18,8.79
688519,南亚新材,科创版,2022-08-20,28.02,-5.72,-1.7,36571,105484123.0,7.44,30.2,27.99,29.72,3.99,电子元件,上海板块,39.62,2.37
688520,神州细胞-U,科创版,2022-08-20,53.85,-0.41,-0.22,3469,18844675.0,1.74,54.77,53.83,54.03,0.38,生物制品,北京板块,-40.9,-64.94
688521,芯原股份-U,科创版,2022-08-20,57.0,-3.88,-2.3,84228,494386041.0,6.93,61.09,56.98,59.75,4.06,半导体,上海板块,957.06,10.17
688526,科前生物,科创版,2022-08-20,24.0,-2.2,-0.54,12114,29221683.0,2.89,24.63,23.92,24.54,1.01,农药兽药,湖北板块,30.75,3.54
688528,秦川物联,科创版,2022-08-20,11.02,-1.52,-0.17,3827,4247601.0,2.5,11.29,11.01,11.22,0.74,仪器仪表,四川板块,-150.34,2.49
688529,豪森股份,科创版,2022-08-20,35.31,-5.44,-2.03,14973,53794627.0,6.88,37.73,35.16,37.01,4.62,专用设备,辽宁板块,39.19,3.93
688533,上声电子,科创版,2022-08-20,71.15,-1.71,-1.24,16614,118963523.0,5.19,73.78,70.02,71.73,4.31,汽车零部件,江苏板块,227.17,11.12
688536,思瑞浦,科创版,2022-08-20,588.46,7.58,41.46,13563,817564544.0,11.72,623.0,558.89,558.89,3.15,半导体,江苏板块,100.43,13.4
688538,和辉光电-U,科创版,2022-08-20,2.69,-1.1,-0.03,213819,57803736.0,1.47,2.72,2.68,2.72,0.38,光学光电子,上海板块,-49.46,2.13
688550,瑞联新材,科创版,2022-08-20,69.35,-3.64,-2.62,18726,132520055.0,5.04,72.8,69.17,72.12,2.6,电子化学品,陕西板块,21.1,2.37
688551,科威尔,科创版,2022-08-20,56.88,7.32,3.88,37147,211993162.0,13.91,60.67,53.3,53.35,7.05,电源设备,安徽板块,152.79,4.75
688553,汇宇制药-W,科创版,2022-08-20,23.2,0.0,0.0,6045,13935086.0,1.29,23.25,22.95,23.24,1.16,化学制药,四川板块,20.61,2.74
688555,泽达易盛,科创版,2022-08-20,13.84,-2.33,-0.33,8995,12611522.0,3.88,14.36,13.81,14.16,2.15,软件开发,天津板块,-15.12,1.38
688556,高测股份,科创版,2022-08-20,96.36,-1.37,-1.34,46698,451031466.0,3.98,98.74,94.85,97.7,2.75,光伏设备,山东板块,56.71,17.93
688557,兰剑智能,科创版,2022-08-20,37.89,-2.72,-1.06,12740,47924277.0,5.31,38.8,36.73,38.57,2.95,通用设备,山东板块,-591.31,3.05
688558,国盛智科,科创版,2022-08-20,37.5,-3.08,-1.19,17340,65989987.0,4.99,39.3,37.37,38.57,4.43,通用设备,江苏板块,29.32,3.62
688559,海目星,科创版,2022-08-20,98.53,-6.25,-6.57,54583,544259179.0,7.06,104.88,97.46,103.41,4.2,专用设备,广东板块,105.37,11.89
688560,明冠新材,科创版,2022-08-20,57.0,-5.46,-3.29,120325,687312303.0,6.78,59.19,55.1,58.11,13.52,光伏设备,江西板块,70.01,6.64
688561,奇安信-U,科创版,2022-08-20,53.18,-2.06,-1.12,25184,136904583.0,4.49,55.6,53.16,54.09,0.55,软件开发,北京板块,-19.94,4.06
688565,力源科技,科创版,2022-08-20,12.16,-4.1,-0.52,32543,40351800.0,6.07,12.85,12.08,12.58,3.39,环保行业,浙江板块,91.26,2.96
688566,吉贝尔,科创版,2022-08-20,19.01,-0.94,-0.18,2349,4482741.0,1.35,19.27,19.01,19.09,0.29,化学制药,江苏板块,31.08,2.23
688567,孚能科技,科创版,2022-08-20,38.3,-2.05,-0.8,174579,676569254.0,4.94,39.91,37.98,39.6,2.17,电池,江西板块,-41.99,4.49
688568,中科星图,科创版,2022-08-20,68.7,-2.14,-1.5,6719,46867247.0,3.99,71.48,68.68,70.4,0.63,互联网服务,北京板块,-4355.76,5.76
688569,铁科轨道,科创版,2022-08-20,20.07,-3.0,-0.62,14109,28670159.0,3.33,20.74,20.05,20.51,1.09,交运设备,北京板块,18.88,1.78
688571,杭华股份,科创版,2022-08-20,7.5,-2.22,-0.17,12497,9439676.0,3.0,7.72,7.49,7.69,0.68,化学制品,浙江板块,62.6,1.81
688575,亚辉龙,科创版,2022-08-20,20.07,-2.71,-0.56,61909,125777629.0,3.1,20.7,20.06,20.64,2.33,医疗器械,广东板块,8.55,5.58
688577,浙海德曼,科创版,2022-08-20,51.25,-4.28,-2.29,4641,24119133.0,5.42,53.98,51.08,53.54,2.54,通用设备,浙江板块,46.63,3.4
688578,艾力斯-U,科创版,2022-08-20,19.26,-1.18,-0.23,17518,34181293.0,3.59,19.93,19.23,19.45,0.92,化学制药,上海板块,-95.56,2.92
688579,山大地纬,科创版,2022-08-20,9.16,-1.72,-0.16,10067,9323574.0,2.68,9.41,9.16,9.32,0.36,软件开发,山东板块,-109.57,2.98
688580,伟思医疗,科创版,2022-08-20,59.33,-3.45,-2.12,3798,22875341.0,4.44,61.99,59.26,61.45,1.53,医疗器械,江苏板块,59.84,2.78
688585,上纬新材,科创版,2022-08-20,11.18,-3.29,-0.38,22594,25661233.0,5.71,11.78,11.12,11.78,2.76,塑料制品,上海板块,61.73,4.13
688586,江航装备,科创版,2022-08-20,25.22,-2.7,-0.7,28755,73698939.0,5.67,26.57,25.1,25.87,1.59,航天航空,安徽板块,44.98,5.1
688588,凌志软件,科创版,2022-08-20,11.82,-2.72,-0.33,21603,26020749.0,4.36,12.35,11.82,12.17,0.85,软件开发,江苏板块,33.19,3.85
688589,力合微,科创版,2022-08-20,44.25,-5.29,-2.47,43807,199577313.0,7.43,47.58,44.11,47.46,7.76,半导体,广东板块,69.7,5.79
688590,新致软件,科创版,2022-08-20,11.74,-1.34,-0.16,23241,27608212.0,3.45,12.11,11.7,11.93,1.49,软件开发,上海板块,192.22,2.49
688595,芯海科技,科创版,2022-08-20,53.5,-5.34,-3.02,34959,192450884.0,7.55,57.47,53.2,56.0,4.75,半导体,广东板块,1850.96,7.53
688596,正帆科技,科创版,2022-08-20,33.56,-3.78,-1.32,67750,230960152.0,5.1,35.02,33.24,34.57,3.37,专用设备,上海板块,81.47,4.7
688597,煜邦电力,科创版,2022-08-20,21.95,3.1,0.66,80086,172561897.0,7.37,22.12,20.55,20.75,6.6,电网设备,北京板块,75.29,4.78
688598,金博股份,科创版,2022-08-20,344.95,-2.33,-8.23,13742,472797608.0,5.29,355.88,337.21,353.0,2.1,光伏设备,湖南板块,39.22,6.18
688599,天合光能,科创版,2022-08-20,72.19,-15.07,-12.81,708936,5305292699.0,15.41,84.1,71.0,84.1,5.36,光伏设备,江苏板块,72.01,7.58
688600,皖仪科技,科创版,2022-08-20,18.7,-3.01,-0.58,13265,25055597.0,4.15,19.31,18.51,19.09,1.93,仪器仪表,安徽板块,-68.11,3.05
688601,力芯微,科创版,2022-08-20,119.11,-3.21,-3.95,21542,265374579.0,10.06,130.97,118.59,129.96,6.49,半导体,江苏板块,29.06,7.7
688606,奥泰生物,科创版,2022-08-20,120.29,-0.05,-0.06,4357,52832751.0,2.6,122.68,119.55,119.55,1.92,医疗器械,浙江板块,1.55,1.58
688607,康众医疗,科创版,2022-08-20,28.41,-8.44,-2.62,17074,49975175.0,9.47,31.11,28.17,30.9,2.61,医疗器械,江苏板块,-451.58,2.97
688608,恒玄科技,科创版,2022-08-20,151.1,-4.89,-7.77,6121,95598804.0,7.91,163.5,150.94,158.1,0.77,半导体,上海板块,201.47,3.08
688609,九联科技,科创版,2022-08-20,9.32,-3.32,-0.32,166650,161722072.0,7.57,10.05,9.32,9.74,5.15,家电行业,广东板块,45.48,3.69
688611,杭州柯林,科创版,2022-08-20,73.28,-2.16,-1.62,3339,24629391.0,3.32,75.0,72.51,74.11,2.52,电网设备,浙江板块,94.62,5.36
688613,奥精医疗,科创版,2022-08-20,29.53,-4.5,-1.39,23700,71977779.0,6.79,31.6,29.5,30.86,2.28,医疗器械,北京板块,74.86,3.22
688616,西力科技,科创版,2022-08-20,12.44,-2.58,-0.33,12166,15373112.0,3.84,12.93,12.44,12.77,2.24,电网设备,浙江板块,88.02,2.66
688617,惠泰医疗,科创版,2022-08-20,170.67,-3.03,-5.33,3324,57641993.0,5.17,179.3,170.2,175.76,0.75,医疗器械,广东板块,42.58,6.63
688618,三旺通信,科创版,2022-08-20,56.17,-4.29,-2.52,3978,22759596.0,8.18,60.6,55.8,58.69,2.42,通信设备,广东板块,83.0,4.04
688619,罗普特,科创版,2022-08-20,14.51,-2.29,-0.34,10813,15997595.0,4.51,15.13,14.46,14.88,1.28,互联网服务,福建板块,-53.33,1.81
688621,阳光诺和,科创版,2022-08-20,104.86,0.13,0.14,4545,48282881.0,3.9,107.77,103.69,104.7,0.8,医疗服务,北京板块,48.0,10.13
688622,禾信仪器,科创版,2022-08-20,37.05,-8.81,-3.58,15008,57646113.0,9.06,40.71,37.03,40.33,10.09,仪器仪表,广东板块,-52.57,4.46
688625,呈和科技,科创版,2022-08-20,44.45,-4.39,-2.04,2864,12959845.0,7.06,47.38,44.1,47.05,0.36,化学制品,广东板块,30.13,6.18
688626,翔宇医疗,科创版,2022-08-20,29.04,-2.32,-0.69,7734,22812052.0,4.37,30.32,29.02,29.61,1.51,医疗器械,河南板块,58.07,2.52
688628,优利德,科创版,2022-08-20,32.53,-5.85,-2.02,16900,56025579.0,6.31,34.64,32.46,34.2,4.38,仪器仪表,广东板块,16.93,3.67
688630,芯碁微装,科创版,2022-08-20,101.5,-4.22,-4.47,50026,516928810.0,6.13,107.18,100.68,103.8,7.44,专用设备,安徽板块,107.85,12.71
688633,星球石墨,科创版,2022-08-20,61.1,-2.05,-1.28,10466,64931265.0,4.78,63.68,60.7,62.39,4.55,专用设备,江苏板块,29.59,3.56
688636,智明达,科创版,2022-08-20,131.44,-1.91,-2.56,9083,121273632.0,5.3,136.89,129.79,131.96,3.09,互联网服务,四川板块,66.94,7.07
688639,华恒生物,科创版,2022-08-20,137.5,-7.16,-10.6,25076,352652896.0,8.56,148.98,136.31,148.0,3.59,化学制品,安徽板块,57.78,11.73
688655,迅捷兴,科创版,2022-08-20,13.97,-3.79,-0.55,21404,30608711.0,5.92,14.79,13.93,14.5,3.04,电子元件,广东板块,45.71,2.83
688656,浩欧博,科创版,2022-08-20,39.62,-2.87,-1.17,3701,14884412.0,4.93,41.28,39.27,40.76,2.14,医疗器械,江苏板块,46.05,3.32
688658,悦康药业,科创版,2022-08-20,16.03,-0.74,-0.12,31030,50062037.0,1.92,16.29,15.98,16.2,1.52,化学制药,北京板块,28.41,1.95
688659,元琛科技,科创版,2022-08-20,14.12,-7.89,-1.21,71741,104664599.0,12.2,15.99,14.12,15.99,8.35,环保行业,安徽板块,116.81,3.53
688660,电气风电,科创版,2022-08-20,9.58,-0.83,-0.08,256608,244971760.0,4.04,9.74,9.35,9.7,4.96,风电设备,上海板块,24.28,1.68
688661,和林微纳,科创版,2022-08-20,82.57,-5.11,-4.45,12747,107781004.0,6.25,87.92,82.48,86.84,5.1,半导体,江苏板块,90.72,11.66
688662,富信科技,科创版,2022-08-20,48.53,5.5,2.53,31039,152182006.0,7.72,50.65,47.1,47.1,5.83,电子元件,广东板块,62.91,5.99
688663,新风光,科创版,2022-08-20,46.99,6.31,2.79,92594,431045228.0,11.11,48.59,43.68,43.7,11.17,电网设备,山东板块,95.37,6.41
688665,四方光电,科创版,2022-08-20,133.95,-5.68,-8.07,5074,69509133.0,6.44,142.77,133.62,142.01,2.44,仪器仪表,湖北板块,66.2,11.48
688667,菱电电控,科创版,2022-08-20,150.8,-9.7,-16.2,22582,345438100.0,9.99,163.8,147.11,159.26,9.81,汽车零部件,湖北板块,66.49,5.2
688668,鼎通科技,科创版,2022-08-20,87.26,-5.84,-5.41,8573,75814300.0,11.54,96.0,85.31,94.77,2.61,通信设备,广东板块,42.45,8.74
688669,聚石化学,科创版,2022-08-20,28.76,-3.78,-1.13,18212,53069603.0,5.39,30.3,28.69,30.18,3.98,塑料制品,广东板块,39.59,1.79
688670,金迪克,科创版,2022-08-20,45.36,-2.93,-1.37,3629,16646470.0,4.37,47.2,45.16,46.4,1.18,化学制药,江苏板块,-115.65,2.85
688676,金盘科技,科创版,2022-08-20,34.1,-8.65,-3.23,61998,217807281.0,10.82,37.64,33.6,37.46,3.29,电网设备,海南板块,86.48,5.98
688677,海泰新光,科创版,2022-08-20,90.22,0.36,0.32,4062,36803093.0,3.45,91.99,88.89,90.19,0.77,医疗器械,山东板块,54.81,7.19
688678,福立旺,科创版,2022-08-20,32.67,-4.59,-1.57,96659,318446738.0,8.06,34.38,31.62,34.0,11.01,消费电子,江苏板块,37.07,4.12
688679,通源环境,科创版,2022-08-20,11.74,-1.43,-0.17,4399,5197376.0,2.27,11.99,11.72,11.95,0.84,环保行业,安徽板块,-284.33,1.46
688680,海优新材,科创版,2022-08-20,227.63,-7.58,-18.67,32953,762982737.0,9.09,246.6,224.2,245.0,6.68,光伏设备,上海板块,61.9,8.19
688681,科汇股份,科创版,2022-08-20,16.57,-3.66,-0.63,30516,51953117.0,7.97,17.79,16.42,17.47,4.65,电网设备,山东板块,-89.29,3.08
688682,霍莱沃,科创版,2022-08-20,100.91,-5.15,-5.48,4054,42281297.0,8.83,109.49,100.1,104.74,1.34,通信服务,上海板块,466.2,8.86
688683,莱尔科技,科创版,2022-08-20,27.89,-0.85,-0.24,12279,34532207.0,4.44,28.88,27.63,28.24,2.24,消费电子,广东板块,100.84,5.03
688685,迈信林,科创版,2022-08-20,27.66,-4.78,-1.39,7997,22485963.0,6.54,29.23,27.33,29.01,1.45,航天航空,江苏板块,67.74,4.57
688686,奥普特,科创版,2022-08-20,274.56,-6.89,-20.33,8335,234248477.0,12.73,299.56,262.01,294.9,4.06,仪器仪表,广东板块,89.56,9.09
688687,凯因科技,科创版,2022-08-20,16.85,-1.69,-0.29,23590,40242646.0,2.63,17.3,16.85,17.15,2.03,生物制品,北京板块,28.92,1.73
688689,银河微电,科创版,2022-08-20,32.61,-4.65,-1.59,23090,77577909.0,6.87,34.95,32.6,34.2,6.6,半导体,江苏板块,52.25,3.98
688690,纳微科技,科创版,2022-08-20,77.04,2.12,1.6,27417,212026188.0,3.83,78.18,75.29,75.51,1.7,化学制药,江苏板块,94.08,22.42
688696,极米科技,科创版,2022-08-20,371.02,3.14,11.31,8420,318664533.0,9.2,388.66,355.56,359.7,1.87,家电行业,四川板块,48.21,8.94
688697,纽威数控,科创版,2022-08-20,16.3,-6.0,-1.04,55861,94453253.0,8.88,17.84,16.3,17.49,8.05,通用设备,江苏板块,25.17,4.39
688698,伟创电气,科创版,2022-08-20,24.8,-5.2,-1.36,36130,90292824.0,5.85,25.98,24.45,25.85,8.45,专用设备,江苏板块,37.26,5.16
688699,明微电子,科创版,2022-08-20,118.81,-4.12,-5.1,24610,301761621.0,8.23,128.01,117.81,124.3,7.14,半导体,广东板块,30.98,5.57
688700,东威科技,科创版,2022-08-20,151.13,-5.84,-9.37,20443,317534228.0,7.48,162.0,150.0,158.0,2.29,专用设备,江苏板块,119.44,27.2
688701,卓锦股份,科创版,2022-08-20,12.66,-2.47,-0.32,16421,21223518.0,6.93,13.41,12.51,12.98,5.75,环保行业,浙江板块,-189.37,3.29
688707,振华新材,科创版,2022-08-20,58.63,-5.31,-3.29,36757,219772002.0,5.94,62.18,58.5,62.18,4.74,电池,贵州板块,18.96,8.22
688711,宏微科技,科创版,2022-08-20,75.5,-3.82,-3.0,23328,181733504.0,7.77,80.8,74.7,78.03,7.71,半导体,江苏板块,161.44,11.45
688718,唯赛勃,科创版,2022-08-20,18.44,-5.68,-1.11,10911,20776715.0,6.91,19.79,18.44,19.7,2.0,专用设备,上海板块,-3023.1,4.68
688722,同益中,科创版,2022-08-20,16.03,-5.93,-1.01,20681,34138751.0,6.16,17.05,16.0,17.04,4.6,化纤行业,北京板块,29.46,3.49
688728,格科微,科创版,2022-08-20,18.57,-10.16,-2.1,175434,339321298.0,10.89,20.81,18.56,20.5,2.3,半导体,-,48.04,5.95
688733,壹石通,科创版,2022-08-20,65.6,-6.69,-4.7,38157,256301109.0,6.88,70.25,65.41,70.0,3.13,非金属材料,安徽板块,68.55,9.69
688737,中自科技,科创版,2022-08-20,36.72,-2.21,-0.83,3798,14054144.0,3.97,37.98,36.49,37.82,2.04,化学制品,四川板块,-73.2,1.63
688739,成大生物,科创版,2022-08-20,47.57,-1.06,-0.51,4205,20140449.0,1.73,48.3,47.47,47.91,1.01,生物制品,辽宁板块,32.82,2.18
688766,普冉股份,科创版,2022-08-20,166.89,-3.36,-5.81,4918,84364991.0,7.58,179.8,166.71,172.5,4.34,半导体,上海板块,50.97,4.34
688767,博拓生物,科创版,2022-08-20,56.93,-1.84,-1.07,5746,33023060.0,2.9,58.59,56.91,58.0,2.48,医疗器械,浙江板块,3.08,2.66
688768,容知日新,科创版,2022-08-20,119.98,-0.74,-0.9,5926,69296361.0,9.15,123.9,112.84,118.0,1.82,仪器仪表,安徽板块,99.28,9.91
688772,珠海冠宇,科创版,2022-08-20,37.76,-3.5,-1.37,80806,305570616.0,6.8,39.5,36.84,38.38,7.41,电池,广东板块,208.01,6.81
688776,国光电气,科创版,2022-08-20,215.28,-2.27,-5.01,2071,46102919.0,6.81,229.0,214.0,220.8,1.24,电子元件,四川板块,75.44,9.88
688777,中控技术,科创版,2022-08-20,82.16,-0.8,-0.66,28402,234926087.0,3.01,84.2,81.71,83.47,1.04,软件开发,浙江板块,170.4,9.24
688778,厦钨新能,科创版,2022-08-20,137.1,-2.35,-3.3,23993,335456280.0,4.27,143.0,137.0,139.99,2.54,电子元件,福建板块,38.7,5.4
688779,长远锂科,科创版,2022-08-20,17.47,-3.91,-0.71,131568,233420856.0,4.29,18.23,17.45,18.23,1.3,电池,湖南板块,27.73,5.09
688786,悦安新材,科创版,2022-08-20,59.07,-9.28,-6.04,17468,106787769.0,7.85,64.15,59.04,63.99,9.62,有色金属,江西板块,46.76,8.67
688787,海天瑞声,科创版,2022-08-20,60.1,-6.09,-3.9,7536,46317427.0,8.89,64.79,59.1,63.28,2.84,互联网服务,北京板块,66.21,3.15
688788,科思科技,科创版,2022-08-20,45.45,-1.26,-0.58,18396,85396621.0,6.63,48.34,45.29,46.14,2.84,通信设备,广东板块,-43.81,1.7
688789,宏华数科,科创版,2022-08-20,188.22,2.04,3.77,5047,94836324.0,5.48,191.11,181.01,184.45,1.23,专用设备,浙江板块,48.99,9.58
688793,倍轻松,科创版,2022-08-20,44.16,-4.02,-1.85,7552,34430013.0,6.37,47.09,44.16,46.01,3.26,家电行业,广东板块,-68.81,4.47
688798,艾为电子,科创版,2022-08-20,115.21,0.75,0.86,9235,106817246.0,5.05,118.78,113.0,114.0,0.97,半导体,上海板块,83.14,5.18
688799,华纳药厂,科创版,2022-08-20,31.83,-1.67,-0.54,4485,14342405.0,2.75,32.58,31.69,32.24,0.81,化学制药,湖南板块,21.89,2.06
688800,瑞可达,科创版,2022-08-20,144.98,-8.24,-13.02,61113,949925939.0,16.8,171.0,144.46,169.0,8.78,电子元件,江苏板块,62.22,14.39
688819,天能股份,科创版,2022-08-20,45.5,-2.05,-0.95,99059,465816479.0,6.29,48.4,45.48,46.28,7.71,电池,浙江板块,25.24,3.65
688981,中芯国际,科创版,2022-08-20,40.99,-2.13,-0.89,190213,788816829.0,2.6,42.07,40.98,41.8,0.98,半导体,-,28.48,2.89
689009,九号公司-WD,科创版,2022-08-20,51.56,-3.77,-2.02,33484,173902696.0,4.2,53.28,51.03,53.08,0.66,交运设备,-,71.78,7.98
